”ФЌ†,Џг‚М‹е,‰є‚М‹е,Џг‚М‹е‚©‚И,‰є‚М‹е‚©‚И,ЌмЋТ
1,ЏH‚М“c‚М ‚©‚и‚Щ‚М€Б‚М “П‚р‚ ‚з‚Э,‰д‚Є€ЯЋи‚Н I‚Й‚К‚к‚В‚В,‚ ‚«‚М‚Ѕ‚М‚©‚и‚Щ‚М‚ў‚Щ‚М‚Ж‚Ь‚р‚ ‚з‚Э,‚н‚©‚±‚л‚а‚Д‚Н‚В‚д‚Й‚К‚к‚В‚В,“V’q“VЌc
2,Џt‰Я‚¬‚Д ‰Д—€‚Й‚Ї‚з‚µ ”’–­‚М,€Я‚Щ‚·‚Д‚У “V‚МЌЃ‹пЋR,‚Н‚й‚·‚«‚Д‚И‚В‚«‚Й‚Ї‚з‚µ‚µ‚л‚Ѕ‚Ц‚М,‚±‚л‚а‚Щ‚·‚Д‚У‚ ‚Ь‚М‚©‚­‚в‚Ь,Ћќ“ќ“VЌc
3,‚ ‚µ‚С‚«‚М ЋR’№‚М”ц‚М ‚µ‚ѕ‚и”ц‚М,‚И‚Є‚И‚Є‚µ–й‚р ‚Р‚Ж‚и‚©‚ађQ‚Ю,‚ ‚µ‚Р‚«‚М‚в‚Ь‚Ж‚и‚М‚р‚М‚µ‚Ѕ‚и‚р‚М,‚И‚©‚И‚©‚µ‚ж‚р‚Р‚Ж‚и‚©‚а‚Л‚Ю,Љ`–{ђl–ѓC
4,“cЋq‚М‰Y‚Й ‚¤‚ї‚ў‚Е‚Д‚Э‚к‚О ”’–­‚М,•xЋm‚МЌ‚—д‚Й ђб‚НЌ~‚и‚В‚В,‚Ѕ‚±‚М‚¤‚з‚Й‚¤‚ї‚ў‚Д‚Д‚Э‚к‚Н‚µ‚л‚Ѕ‚Ц‚М,‚У‚µ‚М‚Ѕ‚©‚Л‚Й‚д‚«‚Н‚У‚и‚В‚В,ЋR•”ђФђl
5,‰њЋR‚Й ‚а‚Э‚А‚У‚Э‚н‚Ї ‚И‚­Ћ­‚М,ђє•·‚­Ћћ‚ј ЏH‚Н‚©‚И‚µ‚«,‚Ё‚­‚в‚Ь‚Й‚а‚Э‚ї‚У‚Э‚н‚Ї‚И‚­‚µ‚©‚М,‚±‚п‚«‚­‚Ж‚«‚»‚ ‚«‚Н‚©‚И‚µ‚«,‰ЋЉЫ‘ѕ•v
6,‚©‚і‚і‚¬‚М “n‚№‚й‹ґ‚Й ‚Ё‚­‘љ‚М,”’‚«‚р‚Э‚к‚О –й‚ј‚У‚Ї‚Й‚Ї‚й,‚©‚і‚і‚«‚М‚н‚Ѕ‚№‚й‚Н‚µ‚Й‚Ё‚­‚µ‚а‚М,‚µ‚л‚«‚р‚Э‚к‚Н‚ж‚»‚У‚Ї‚Й‚Ї‚й,’†”[Њѕ‰ЖЋќ
7,“V‚МЊґ ‚У‚и‚і‚Ї‚Э‚к‚О Џt“ъ‚И‚й,ЋOЉ}‚МЋR‚Й ‚ў‚Е‚µЊЋ‚©‚а,‚ ‚Ь‚М‚Н‚з‚У‚и‚і‚Ї‚Э‚к‚Н‚©‚·‚©‚И‚й,‚Э‚©‚і‚М‚в‚Ь‚Й‚ў‚Д‚µ‚В‚«‚©‚а,€ў”{’‡–ѓC
8,‚н‚Є€Б‚Н “s‚М‚Ѕ‚В‚Э ‚µ‚©‚ј‚·‚Ю,ђў‚р‚¤‚АЋR‚Ж ђl‚Н‚ў‚У‚И‚и,‚н‚©‚ў‚Щ‚Н‚Э‚в‚±‚М‚Ѕ‚В‚Э‚µ‚©‚»‚·‚Ю,‚ж‚р‚¤‚ї‚в‚Ь‚Ж‚Р‚Ж‚Н‚ў‚У‚И‚и,Љмђп–@Ћt
9,‰Ф‚МђF‚Н ‚¤‚В‚и‚Й‚Ї‚и‚И ‚ў‚Ѕ‚Г‚з‚Й,‚н‚Єђg‚ж‚Й‚У‚й ‚И‚Є‚Я‚№‚µ‚Ь‚Й,‚Н‚И‚М‚ў‚л‚Н‚¤‚В‚и‚Й‚Ї‚и‚И‚ў‚Ѕ‚В‚з‚Й,‚н‚©‚Э‚ж‚Й‚У‚й‚И‚©‚Я‚№‚µ‚Ь‚Й,Џ¬–мЏ¬’¬
10,‚±‚к‚в‚±‚М Ќs‚­‚а‹A‚й‚а ‚н‚©‚к‚Д‚Н,‚µ‚й‚а‚µ‚з‚К‚а €§Ќв‚МЉЦ,‚±‚к‚в‚±‚М‚д‚­‚а‚©‚Ц‚й‚а‚н‚©‚к‚Д‚Н,‚µ‚й‚а‚µ‚з‚К‚а‚ ‚У‚і‚©‚М‚№‚«,ђдЉЫ
11,‚н‚Ѕ‚МЊґ ”ЄЏ\“‡‚©‚Ї‚Д ‚±‚¬‚ў‚Е‚К‚Ж,ђl‚Й‚Н‚В‚°‚ж ‚ ‚Ь‚М‚В‚иЏM,‚н‚Ѕ‚М‚Н‚з‚в‚»‚µ‚Ь‚©‚Ї‚Д‚±‚«‚ў‚Д‚К‚Ж,‚Р‚Ж‚Й‚Н‚В‚Ї‚ж‚ ‚Ь‚М‚В‚и‚У‚Л,ЋQ‹cв№
12,“V‚В•— ‰_‚М‚©‚ж‚РH ђЃ‚«‚Ж‚А‚ж,‚р‚Ж‚Я‚МЋp ‚µ‚О‚µ‚Ж‚З‚Я‚Ю,‚ ‚Ь‚В‚©‚№‚­‚а‚М‚©‚ж‚Р‚ї‚У‚«‚Ж‚ї‚ж,‚р‚Ж‚Я‚М‚·‚©‚Ѕ‚µ‚Н‚µ‚Ж‚Ж‚Я‚Ю,‘mђі•ХЏє
13,‚В‚­‚О‚Л‚М •ф‚ж‚и‚Ё‚В‚й ‚Э‚И‚Мђм,—ц‚ј‚В‚а‚и‚Д •Ј‚Ж‚И‚и‚К‚й,‚В‚­‚Н‚Л‚М‚Э‚Л‚ж‚и‚Ё‚В‚й‚Э‚И‚М‚©‚н,‚±‚Р‚»‚В‚а‚и‚Д‚У‚ї‚Ж‚И‚и‚К‚й,—zђ¬‰@
14,‚Э‚ї‚М‚­‚М ‚µ‚М‚Ф‚а‚А‚ё‚и ’N‚д‚п‚Й,‚Э‚ѕ‚к‚»‚Я‚Й‚µ ‰д‚И‚з‚И‚­‚Й,‚Э‚ї‚М‚­‚М‚µ‚М‚У‚а‚ї‚·‚и‚Ѕ‚к‚д‚п‚Й,‚Э‚Ѕ‚к‚»‚Я‚Й‚µ‚н‚к‚И‚з‚И‚­‚Й,‰НЊґЌ¶‘еђb
15,ЊN‚Є‚Ѕ‚Я Џt‚М–м‚ЙЏo‚Е‚Д ЋбЌШ‚В‚Ю,‚н‚Є€ЯЋи‚Й ђб‚Н‚У‚и‚В‚В,‚«‚Э‚©‚Ѕ‚Я‚Н‚й‚М‚М‚Й‚ў‚Д‚Д‚н‚©‚И‚В‚Ю,‚н‚©‚±‚л‚а‚Д‚Й‚д‚«‚Н‚У‚и‚В‚В,ЊхЌF“VЌc
16,—§‚ї‚н‚©‚к ‚ў‚И‚О‚МЋR‚М •ф‚Йђ¶‚У‚й,‚Ь‚В‚Ж‚µ•·‚©‚О ‚ў‚Ь‚©‚Ц‚и‚±‚Ю,‚Ѕ‚ї‚н‚©‚к‚ў‚И‚Н‚М‚в‚Ь‚М‚Э‚Л‚Й‚Ё‚У‚й,‚Ь‚В‚Ж‚µ‚«‚©‚Н‚ў‚Ь‚©‚Ц‚и‚±‚Ю,’†”[ЊѕЌs•Ѕ
17,‚ї‚Н‚в‚Ф‚й ђ_‘г‚а‚«‚©‚ё —і“cђм,‚©‚з‚­‚к‚И‚о‚Й ђ…‚­‚­‚й‚Ж‚Н,‚ї‚Н‚в‚У‚й‚©‚Э‚ж‚а‚«‚©‚·‚Ѕ‚В‚Ѕ‚©‚Н,‚©‚з‚­‚к‚И‚о‚Й‚Э‚В‚­‚­‚й‚Ж‚Н,ЌЭЊґ‹Ж•Ѕ’©ђb
18,ЏZ‚МЌ]‚М ЉЭ‚Й‚ж‚й”g ‚ж‚й‚і‚Ц‚в,–І‚М‚©‚ж‚РH ђl–Ъ‚ж‚­‚з‚Ю,‚·‚Э‚М‚¦‚М‚«‚µ‚Й‚ж‚й‚И‚Э‚ж‚й‚і‚Ц‚в,‚д‚Я‚М‚©‚ж‚Р‚ї‚Р‚Ж‚Я‚ж‚­‚з‚Ю,“ЎЊґ•qЌs’©ђb
19,“п”gЉѓ ‚Э‚¶‚©‚«еb‚М ‚У‚µ‚М‚Ь‚а,‚ ‚Н‚Е‚±‚Мђў‚р ‚·‚®‚µ‚Д‚ж‚Ж‚в,‚И‚Й‚Н‚©‚Ѕ‚Э‚µ‚©‚«‚ ‚µ‚М‚У‚µ‚М‚Ь‚а,‚ ‚Н‚Д‚±‚М‚ж‚р‚·‚­‚µ‚Д‚ж‚Ж‚в,€ЙђЁ
20,‚н‚С‚К‚к‚О ‚ў‚Ь‚Н‚Ѕ‚Ё‚И‚¶ “п”g‚И‚й,ђg‚р‚В‚­‚µ‚Д‚а ‚ ‚Н‚Ю‚Ж‚јЋv‚У,‚н‚Р‚К‚к‚Н‚ў‚Ь‚Н‚Ѕ‚Ё‚И‚µ‚И‚Й‚Н‚И‚й,‚Э‚р‚В‚­‚µ‚Д‚а‚ ‚Н‚Ю‚Ж‚»‚Ё‚а‚У,Њі—Зђe‰¤
21,ЌЎ‚±‚Ю‚Ж ‚ў‚Р‚µ‚О‚©‚и‚Й ’·ЊЋ‚М,—L–ѕ‚МЊЋ‚р ‚Ь‚ї‚ў‚Е‚В‚й‚©‚И,‚ў‚Ь‚±‚Ю‚Ж‚ў‚Р‚µ‚Н‚©‚и‚Й‚И‚©‚В‚«‚М,‚ ‚и‚ ‚Ї‚М‚В‚«‚р‚Ь‚ї‚ў‚Д‚В‚й‚©‚И,‘fђ«–@Ћt
22,ђЃ‚­‚©‚з‚Й ЏH‚М‘ђ–Ш‚М ‚µ‚р‚й‚к‚О,‚Ю‚ЧЋR•—‚р —’‚Ж‚ў‚У‚з‚Ю,‚У‚­‚©‚з‚Й‚ ‚«‚М‚­‚і‚«‚М‚µ‚р‚й‚к‚Н,‚Ю‚Ц‚в‚Ь‚©‚№‚р‚ ‚з‚µ‚Ж‚ў‚У‚з‚Ю,•¶‰®ЌNЏG
23,ЊЋ‚Э‚к‚О ‚ї‚А‚Й‚а‚М‚±‚» ‚©‚И‚µ‚Ї‚к,‚н‚Єђg€к‚В‚М ЏH‚Й‚Н‚ ‚з‚Л‚З,‚В‚«‚Э‚к‚Н‚ї‚ї‚Й‚а‚М‚±‚»‚©‚И‚µ‚Ї‚к,‚н‚©‚Э‚Р‚Ж‚В‚М‚ ‚«‚Й‚Н‚ ‚з‚Л‚Ж,‘еЌ]ђз—ў
24,‚±‚М‚Ѕ‚С‚Н ‚К‚і‚а‚Ж‚и‚ ‚Ц‚ё ЋиЊьЋR,‚а‚Э‚А‚М‚Й‚µ‚« ђ_‚М‚Ь‚Й‚Ь‚Й,‚±‚М‚Ѕ‚Р‚Н‚К‚і‚а‚Ж‚и‚ ‚Ц‚·‚Ѕ‚Ю‚Ї‚в‚Ь,‚а‚Э‚ї‚М‚Й‚µ‚«‚©‚Э‚М‚Ь‚Й‚Ь‚Й,ђ›‰Ж
25,–ј‚Й‚µ•‰‚Н‚О €§ЌвЋR‚М ‚і‚Л‚©‚Г‚з,ђl‚Й‚µ‚з‚к‚Е —€‚й‚ж‚µ‚а‚Є‚И,‚И‚Й‚µ‚Ё‚Н‚Н‚ ‚У‚і‚©‚в‚Ь‚М‚і‚Л‚©‚В‚з,‚Р‚Ж‚Й‚µ‚з‚к‚Д‚­‚й‚ж‚µ‚а‚©‚И,ЋOЏр‰E‘еђb
26,Џ¬‘qЋR •ф‚М‚а‚Э‚А—t ђS‚ ‚з‚О,‚ў‚Ь‚Р‚Ж‚Ѕ‚С‚М ‚Э‚д‚«‚Ь‚Ѕ‚И‚Ю,‚р‚­‚з‚в‚Ь‚Э‚Л‚М‚а‚Э‚ї‚Н‚±‚±‚л‚ ‚з‚Н,‚ў‚Ь‚Р‚Ж‚Ѕ‚Р‚М‚Э‚д‚«‚Ь‚Ѕ‚И‚Ю,’еђMЊц
27,‚Э‚©‚МЊґ ‚н‚«‚Д—¬‚й‚й ‚ў‚Г‚Эђм,‚ў‚В‚Э‚«‚Ж‚Д‚© —ц‚µ‚©‚й‚з‚Ю,‚Э‚©‚М‚Н‚з‚н‚«‚Д‚И‚©‚й‚й‚ў‚В‚Э‚©‚Н,‚ў‚В‚Э‚«‚Ж‚Д‚©‚±‚Р‚µ‚©‚й‚з‚Ю,’†”[ЊѕЊ“•г
28,ЋR—ў‚Н “~‚ј‚і‚С‚µ‚і ‚Ь‚і‚и‚Ї‚й,ђl–Ъ‚а‘ђ‚а ‚©‚к‚К‚ЖЋv‚Ц‚О,‚в‚Ь‚і‚Ж‚Н‚У‚д‚»‚і‚С‚µ‚і‚Ь‚і‚и‚Ї‚й,‚Р‚Ж‚Я‚а‚­‚і‚а‚©‚к‚К‚Ж‚Ё‚а‚Ц‚Н,Њ№Џ@Ќs’©ђb
29,ђS“–‚Д‚Й ђЬ‚з‚О‚вђЬ‚з‚Ю Џ‰‘љ‚М,‚Ё‚«‚Ь‚З‚Н‚№‚й ”’‹e‚М‰Ф,‚±‚±‚л‚ ‚Д‚Й‚Ё‚з‚Н‚в‚Ё‚з‚Ю‚Н‚В‚µ‚а‚М,‚Ё‚«‚Ь‚Ж‚Н‚№‚й‚µ‚з‚«‚­‚М‚Н‚И,–}‰Н“азZЌP
30,—L–ѕ‚М ‚В‚к‚И‚­Њ©‚¦‚µ •К‚к‚ж‚и,‚ ‚©‚В‚«‚О‚©‚и ‚¤‚«‚а‚М‚Н‚И‚µ,‚ ‚и‚ ‚Ї‚М‚В‚к‚И‚­‚Э‚¦‚µ‚н‚©‚к‚ж‚и,‚ ‚©‚В‚«‚Н‚©‚и‚¤‚«‚а‚М‚Н‚И‚µ,ђpђ¶’‰›Ё
31,’©‚Ъ‚з‚Ї —L–ѕ‚МЊЋ‚ЖЊ©‚й‚Ь‚Е‚Й,‹g–м‚М—ў‚Й Ќ~‚к‚й”’ђб,‚ ‚і‚Щ‚з‚Ї‚ ‚и‚ ‚Ї‚М‚В‚«‚Ж‚Э‚й‚Ь‚Д‚Й,‚ж‚µ‚М‚М‚і‚Ж‚Й‚У‚к‚й‚µ‚з‚д‚«,ЌвЏгђҐ‘Ґ
32,ЋRђм‚Й •—‚М‚©‚Ї‚Ѕ‚й ‚µ‚Є‚з‚Э‚Н,‚И‚Є‚к‚а‚ ‚Ц‚К ‚а‚Э‚А‚И‚и‚Ї‚и,‚в‚Ь‚©‚Н‚Й‚©‚№‚М‚©‚Ї‚Ѕ‚й‚µ‚©‚з‚Э‚Н,‚И‚©‚к‚а‚ ‚Ц‚К‚а‚Э‚ї‚И‚и‚Ї‚и,Џt“№—сЋч
33,‹v•ы‚М Њх‚М‚З‚Ї‚« Џt‚М“ъ‚Й,‚µ‚ГђS‚И‚­ ‰Ф‚МЋU‚й‚з‚Ю,‚Р‚і‚©‚Ѕ‚М‚Р‚©‚и‚М‚Ж‚Ї‚«‚Н‚й‚М‚Р‚Й,‚µ‚В‚±‚±‚л‚И‚­‚Н‚И‚М‚ї‚й‚з‚Ю,‹I—F‘Ґ
34,’N‚р‚©‚а ‚µ‚йђl‚Й‚№‚Ю Ќ‚Ќ»‚М,Џј‚ађМ‚М —F‚И‚з‚И‚­‚Й,‚Ѕ‚к‚р‚©‚а‚µ‚й‚Р‚Ж‚Й‚№‚Ю‚Ѕ‚©‚і‚±‚М,‚Ь‚В‚а‚Ю‚©‚µ‚М‚Ж‚а‚И‚з‚И‚­‚Й,“ЎЊґ‹»•—
35,ђl‚Н‚ў‚і ђS‚а’m‚з‚ё ‚У‚й‚і‚Ж‚Н,‰Ф‚јђМ‚М ЌЃ‚Й“х‚Р‚Ї‚й,‚Р‚Ж‚Н‚ў‚і‚±‚±‚л‚а‚µ‚з‚·‚У‚й‚і‚Ж‚Н,‚Н‚И‚»‚Ю‚©‚µ‚М‚©‚Й‚Й‚Щ‚Р‚Ї‚й,‹IЉС”V
36,‰Д‚М–й‚Н ‚Ь‚ѕЏЄ‚И‚Є‚з ‚ ‚Ї‚К‚й‚р,‰_‚М‚ў‚Г‚±‚Й ЊЋ‚в‚З‚й‚з‚Ю,‚И‚В‚М‚ж‚Н‚Ь‚Ѕ‚ж‚Р‚И‚©‚з‚ ‚Ї‚К‚й‚р,‚­‚а‚М‚ў‚В‚±‚Й‚В‚«‚в‚Ж‚й‚з‚Ю,ђґЊґђ[—{•ѓ
37,”’I‚Й •—‚МђЃ‚«‚µ‚­ ЏH‚М–м‚Н,‚В‚з‚К‚«‚Ж‚Я‚К ‹К‚јЋU‚и‚Ї‚й,‚µ‚з‚В‚д‚Й‚©‚№‚М‚У‚«‚µ‚­‚ ‚«‚М‚М‚Н,‚В‚з‚К‚«‚Ж‚Я‚К‚Ѕ‚Ь‚»‚ї‚и‚Ї‚й,•¶‰®’©ЌN
38,–Y‚з‚й‚й ђg‚р‚ОЋv‚Н‚ё ‚ї‚©‚Р‚Д‚µ,ђl‚М–Ѕ‚М ђЙ‚µ‚­‚а‚ ‚й‚©‚И,‚н‚·‚з‚й‚й‚Э‚р‚Н‚Ё‚а‚Н‚·‚ї‚©‚Р‚Д‚µ,‚Р‚Ж‚М‚ў‚М‚ї‚М‚р‚µ‚­‚а‚ ‚й‚©‚И,‰E‹Я
39,ђуЉќђ¶‚М Џ¬–м‚МЋВЊґ ‚µ‚М‚Ф‚к‚З,‚ ‚Ь‚и‚Д‚И‚З‚© ђl‚М—ц‚µ‚«,‚ ‚і‚ї‚У‚М‚р‚М‚М‚µ‚М‚Н‚з‚µ‚М‚У‚к‚Ж,‚ ‚Ь‚и‚Д‚И‚Ж‚©‚Р‚Ж‚М‚±‚Р‚µ‚«,ЋQ‹c“™
40,‚µ‚М‚Ф‚к‚З ђF‚ЙЏo‚Е‚Й‚Ї‚и ‰д‚Є—ц‚Н,•Ё‚вЋv‚У‚Ж ђl‚М–в‚У‚Ь‚Е,‚µ‚М‚У‚к‚Ж‚ў‚л‚Й‚ў‚Д‚Й‚Ї‚и‚н‚©‚±‚Р‚Н,‚а‚М‚в‚Ё‚а‚У‚Ж‚Р‚Ж‚М‚Ж‚У‚Ь‚Д,•ЅЊ“ђ·
41,—ц‚·‚Д‚У ‰д‚Є–ј‚Н‚Ь‚ѕ‚« —§‚ї‚Й‚Ї‚и,ђl‚µ‚к‚ё‚±‚» Ћv‚Р‚»‚Я‚µ‚©,‚±‚Р‚·‚Д‚У‚н‚©‚И‚Н‚Ь‚Ѕ‚«‚Ѕ‚ї‚Й‚Ї‚и,‚Р‚Ж‚µ‚к‚·‚±‚»‚Ё‚а‚Р‚»‚Я‚µ‚©,ђpђ¶’‰Њ©
42,‚ї‚¬‚и‚«‚И ‚©‚Ѕ‚Э‚Й‘і‚р ‚µ‚Ъ‚и‚В‚В,––‚МЏјЋR ”g‚±‚і‚¶‚Ж‚Н,‚ї‚«‚и‚«‚И‚©‚Ѕ‚Э‚Й‚»‚Д‚р‚µ‚Щ‚и‚В‚В,‚·‚п‚М‚Ь‚В‚в‚Ь‚И‚Э‚±‚і‚µ‚Ж‚Н,ђґЊґЊі•г
43,‚ ‚Р‚Э‚Д‚М ‚М‚ї‚МђS‚Й ‚­‚з‚Ф‚к‚О,ђМ‚Н•Ё‚р Ћv‚Н‚ґ‚и‚Ї‚и,‚ ‚Р‚Э‚Д‚М‚М‚ї‚М‚±‚±‚л‚Й‚­‚з‚У‚к‚Н,‚Ю‚©‚µ‚Н‚а‚М‚р‚Ё‚а‚Н‚і‚и‚Ї‚и,Њ ’†”[Њѕ“Ц’‰
44,‚ ‚У‚±‚Ж‚М ‚Ѕ‚¦‚Д‚µ‚И‚­‚О ‚И‚©‚И‚©‚Й,ђl‚р‚ађg‚р‚а Ќ¦‚Э‚ґ‚з‚Ь‚µ,‚ ‚У‚±‚Ж‚М‚Ѕ‚¦‚Д‚µ‚И‚­‚Н‚И‚©‚И‚©‚Й,‚Р‚Ж‚р‚а‚Э‚р‚а‚¤‚з‚Э‚і‚з‚Ь‚µ,’†”[Њѕ’©’‰
45,‚ ‚Н‚к‚Ж‚а ‚ў‚У‚Ч‚«ђl‚Н Ћv‚Щ‚¦‚Е,ђg‚М‚ў‚Ѕ‚Г‚з‚Й ‚И‚и‚К‚Ч‚«‚©‚И,‚ ‚Н‚к‚Ж‚а‚ў‚У‚Ц‚«‚Р‚Ж‚Н‚Ё‚а‚Щ‚¦‚Д,‚Э‚М‚ў‚Ѕ‚В‚з‚Й‚И‚и‚К‚Ц‚«‚©‚И,ЊЄ“їЊц
46,—R—З‚М‚Ж‚р “n‚йЏMђl ‚©‚А‚р‚Ѕ‚¦,‚д‚­‚Ц‚а’m‚з‚К —ц‚М“№‚©‚И,‚д‚з‚М‚Ж‚р‚н‚Ѕ‚й‚У‚И‚Р‚Ж‚©‚ї‚р‚Ѕ‚¦,‚д‚­‚Ц‚а‚µ‚з‚К‚±‚Р‚М‚Э‚ї‚©‚И,‘]”HЌD’‰
47,”ЄЏd‚Ю‚®‚з ‚µ‚°‚к‚йЏh‚М ‚і‚С‚µ‚«‚Й,ђl‚±‚»Њ©‚¦‚Л ЏH‚Н—€‚Й‚Ї‚и,‚в‚Ц‚Ю‚­‚з‚µ‚Ї‚к‚й‚в‚Ж‚М‚і‚Р‚µ‚«‚Й,‚Р‚Ж‚±‚»‚Э‚¦‚Л‚ ‚«‚Н‚«‚Й‚Ї‚и,ЊbЊc–@Ћt
48,•—‚р‚ў‚Ѕ‚Э Љв‚¤‚В”g‚М ‚Ё‚М‚к‚М‚Э,‚­‚ѕ‚Ї‚Д•Ё‚р Ћv‚У‚±‚л‚©‚И,‚©‚№‚р‚ў‚Ѕ‚Э‚ў‚Н‚¤‚В‚И‚Э‚М‚Ё‚М‚к‚М‚Э,‚­‚Ѕ‚Ї‚Д‚а‚М‚р‚Ё‚а‚У‚±‚л‚©‚И,Њ№Џd”V
49,‚Э‚©‚«‚а‚и ‰qЋm‚М‚Ѕ‚­‰О‚М –й‚Н‚а‚¦‚Д,’‹‚НЏБ‚¦‚В‚В •Ё‚р‚±‚»Ћv‚Ц,‚Э‚©‚«‚а‚и‚п‚µ‚М‚Ѕ‚­‚Р‚М‚ж‚й‚Н‚а‚¦,‚Р‚й‚Н‚«‚¦‚В‚В‚а‚М‚р‚±‚»‚Ё‚а‚Ц,‘е’†ђb”\ђй’©ђb
50,ЊN‚Є‚Ѕ‚Я ђЙ‚µ‚©‚з‚ґ‚и‚µ ‚ў‚М‚ї‚і‚Ц,’·‚­‚а‚Є‚И‚Ж Ћv‚Р‚Ї‚й‚©‚И,‚«‚Э‚©‚Ѕ‚Я‚Ё‚µ‚©‚з‚і‚и‚µ‚ў‚М‚ї‚і‚Ц,‚И‚©‚­‚а‚©‚И‚Ж‚Ё‚а‚Р‚Ї‚й‚©‚И,“ЎЊґ‹`ЌF
51,‚©‚­‚Ж‚ѕ‚Й ‚¦‚в‚Н‚ў‚Ф‚«‚М ‚і‚µ‚а‘ђ,‚і‚µ‚а‚µ‚з‚¶‚И ‚а‚д‚йЋv‚Р‚р,‚©‚­‚Ж‚Ѕ‚Й‚¦‚в‚Н‚ў‚У‚«‚М‚і‚µ‚а‚­‚і,‚і‚µ‚а‚µ‚з‚µ‚И‚а‚д‚й‚Ё‚а‚Р‚р,“ЎЊґЋА•ы’©ђb
52,‚ ‚Ї‚К‚к‚О •й‚й‚й‚а‚М‚Ж‚Н ’m‚и‚И‚Є‚з,‚И‚Щ‚¤‚з‚Я‚µ‚« ’©‚Ъ‚з‚Ї‚©‚И,‚ ‚Ї‚К‚к‚Н‚­‚й‚й‚а‚М‚Ж‚Н‚µ‚и‚И‚©‚з,‚И‚Щ‚¤‚з‚Я‚µ‚«‚ ‚і‚Щ‚з‚Ї‚©‚И,“ЎЊґ“№ђM’©ђb
53,‚И‚°‚«‚В‚В ‚Р‚Ж‚и‚К‚й–й‚М ‚ ‚­‚й‚Ь‚Н,‚ў‚©‚Й‹v‚µ‚« ‚а‚М‚Ж‚©‚Н‚µ‚й,‚И‚Ї‚«‚В‚В‚Р‚Ж‚и‚К‚й‚ж‚М‚ ‚­‚й‚Ь‚Н,‚ў‚©‚Й‚Р‚і‚µ‚«‚а‚М‚Ж‚©‚Н‚µ‚й,‰E‘еЏ«“№Ќj•к
54,–Y‚к‚¶‚М ‚д‚­––‚Ь‚Е‚Н ‚©‚Ѕ‚Ї‚к‚О,ЌЎ“ъ‚р‚©‚¬‚и‚М ‚ў‚М‚ї‚Ж‚а‚Є‚И,‚н‚·‚к‚µ‚М‚д‚­‚·‚п‚Ь‚Д‚Н‚©‚Ѕ‚Ї‚к‚Н,‚Ї‚У‚р‚©‚«‚и‚М‚ў‚М‚ї‚Ж‚а‚©‚И,‹V“ЇЋOЋi•к
55,‘к‚М‰№‚Н ‚Ѕ‚¦‚Д‹v‚µ‚­ ‚И‚и‚К‚к‚З,–ј‚±‚»—¬‚к‚Д ‚И‚Щ•·‚±‚¦‚Ї‚к,‚Ѕ‚«‚М‚Ё‚Ж‚Н‚Ѕ‚¦‚Д‚Р‚і‚µ‚­‚И‚и‚К‚к‚Ж,‚И‚±‚»‚И‚©‚к‚Д‚И‚Щ‚«‚±‚¦‚Ї‚к,‘е”[ЊѕЊц”C
56,‚ ‚з‚ґ‚з‚Ю ‚±‚Мђў‚М‚Щ‚©‚М Ћv‚РЏo‚Й,‚ў‚Ь‚Р‚Ж‚Ѕ‚С‚М ‚ ‚У‚±‚Ж‚а‚Є‚И,‚ ‚з‚і‚з‚Ю‚±‚М‚ж‚М‚Щ‚©‚М‚Ё‚а‚Р‚Д‚Й,‚ў‚Ь‚Р‚Ж‚Ѕ‚Р‚М‚ ‚У‚±‚Ж‚а‚©‚И,aђтЋ®•”
57,‚Я‚®‚и‚ ‚Р‚Д Њ©‚µ‚в‚»‚к‚Ж‚а ‚н‚©‚К‚Ь‚Й,‰_‚Є‚­‚к‚Й‚µ –й”ј‚МЊЋ‚©‚И,‚Я‚­‚и‚ ‚Р‚Д‚Э‚µ‚в‚»‚к‚Ж‚а‚н‚©‚К‚Ь‚Й,‚­‚а‚©‚­‚к‚Й‚µ‚ж‚Н‚М‚В‚«‚©‚Ї,Ћ‡Ћ®•”
58,‚ ‚и‚ЬЋR ‚о‚И‚МЌщЊґ •—ђЃ‚Ї‚О,‚ў‚Е‚»‚жђl‚р –Y‚к‚в‚Н‚·‚й,‚ ‚и‚Ь‚в‚Ь‚о‚И‚М‚і‚і‚Н‚з‚©‚№‚У‚Ї‚Н,‚ў‚Д‚»‚ж‚Р‚Ж‚р‚н‚·‚к‚в‚Н‚·‚й,‘е“уЋO€К
59,‚в‚·‚з‚Н‚Е ђQ‚И‚Ь‚µ‚а‚М‚р ‚і–й‚У‚Ї‚Д,‚©‚Ѕ‚Ф‚­‚Ь‚Е‚М ЊЋ‚рЊ©‚µ‚©‚И,‚в‚·‚з‚Н‚Д‚Л‚И‚Ь‚µ‚а‚М‚р‚і‚ж‚У‚Ї‚Д,‚©‚Ѕ‚У‚­‚Ь‚Д‚М‚В‚«‚р‚Э‚µ‚©‚И,ђФђх‰q–е
60,‘еЌ]ЋR ‚ў‚­–м‚М“№‚М ‰“‚Ї‚к‚О,‚Ь‚ѕ‚У‚Э‚а‚Э‚ё “V‚М‹ґ—§,‚Ё‚Щ‚¦‚в‚Ь‚ў‚­‚М‚М‚Э‚ї‚М‚Ж‚Щ‚Ї‚к‚Н,‚Ь‚Ѕ‚У‚Э‚а‚Э‚·‚ ‚Ь‚М‚Н‚µ‚Ѕ‚Д,Џ¬Ћ®•”“аЋ
61,‚ў‚Й‚µ‚Ц‚М “Ю—З‚М“s‚М ”ЄЏdЌч,‚Ї‚У‹гЏd‚Й “х‚Р‚К‚й‚©‚И,‚ў‚Й‚µ‚Ц‚М‚И‚з‚М‚Э‚в‚±‚М‚в‚Ц‚і‚­‚з,‚Ї‚У‚±‚±‚М‚Ц‚Й‚Й‚Щ‚Р‚К‚й‚©‚И,€ЙђЁ‘е•г
62,–й‚р‚±‚Я‚Д ’№‚М‚»‚з‚Л‚Н ‚Н‚©‚й‚Ж‚а,‚ж‚Й€§Ќв‚М ЉЦ‚Н‚д‚й‚і‚¶,‚ж‚р‚±‚Я‚Д‚Ж‚и‚М‚»‚з‚Л‚Н‚Н‚©‚й‚Ж‚а,‚ж‚Й‚ ‚У‚і‚©‚М‚№‚«‚Н‚д‚й‚і‚µ,ђґЏ­”[Њѕ
63,‚ў‚Ь‚Н‚Ѕ‚ѕ Ћv‚Рђв‚¦‚И‚Ю ‚Ж‚О‚©‚и‚р,ђl‚Г‚Д‚И‚з‚Е Њѕ‚У‚ж‚µ‚а‚Є‚И,‚ў‚Ь‚Н‚Ѕ‚Ѕ‚Ё‚а‚Р‚Ѕ‚¦‚И‚Ю‚Ж‚Н‚©‚и‚р,‚Р‚Ж‚В‚Д‚И‚з‚Д‚ў‚У‚ж‚µ‚а‚©‚И,Ќ¶‹ћ‘е•v“№‰л
64,’©‚Ъ‚з‚Ї ‰FЋЎ‚Мђм–¶ ђв‚¦ђв‚¦‚Й,‚ ‚з‚Н‚к‚н‚Ѕ‚й ђЈЃX‚М–Ф‘г–Ш,‚ ‚і‚Щ‚з‚Ї‚¤‚ї‚М‚©‚Н‚«‚и‚Ѕ‚¦‚Ѕ‚¦‚Й,‚ ‚з‚Н‚к‚н‚Ѕ‚й‚№‚№‚М‚ ‚µ‚л‚«,Њ ’†”[Њѕ’и—Љ
65,‚¤‚з‚Э‚н‚С ‚Щ‚і‚К‘і‚ѕ‚Й ‚ ‚й‚а‚М‚р,—ц‚Й‚­‚ї‚И‚Ю –ј‚±‚»‚р‚µ‚Ї‚к,‚¤‚з‚Э‚н‚Р‚Щ‚і‚К‚»‚Д‚Ѕ‚Й‚ ‚й‚а‚М‚р,‚±‚Р‚Й‚­‚ї‚И‚Ю‚И‚±‚»‚р‚µ‚Ї‚к,‘Љ–Н
66,‚а‚л‚Ж‚а‚Й ‚ ‚Н‚к‚ЖЋv‚Ц ЋRЌч,‰Ф‚ж‚и‚Щ‚©‚Й ’m‚йђl‚а‚И‚µ,‚а‚л‚Ж‚а‚Й‚ ‚Н‚к‚Ж‚Ё‚а‚Ц‚в‚Ь‚і‚­‚з,‚Н‚И‚ж‚и‚Щ‚©‚Й‚µ‚й‚Р‚Ж‚а‚И‚µ,‘O‘е‘mђіЌs‘ё
67,Џt‚М–й‚М –І‚О‚©‚и‚И‚й Ћи–Ќ‚Й,‚©‚Р‚И‚­‚Ѕ‚Ѕ‚Ю –ј‚±‚»‚р‚µ‚Ї‚к,‚Н‚й‚М‚ж‚М‚д‚Я‚Н‚©‚и‚И‚й‚Ѕ‚Ь‚­‚з‚Й,‚©‚Р‚И‚­‚Ѕ‚Ѕ‚Ю‚И‚±‚»‚р‚µ‚Ї‚к,Ћь–h“аЋ
68,ђS‚Й‚а ‚ ‚з‚Е‚¤‚«ђў‚Й ‚И‚Є‚з‚Ц‚О,—ц‚µ‚©‚й‚Ч‚« –й”ј‚МЊЋ‚©‚И,‚±‚±‚л‚Й‚а‚ ‚з‚Д‚¤‚«‚ж‚Й‚И‚©‚з‚Ц‚Н,‚±‚Р‚µ‚©‚й‚Ц‚«‚ж‚Н‚М‚В‚«‚©‚И,ЋOЏр‰@
69,‚ ‚з‚µђЃ‚­ ‚ЭЋє‚МЋR‚М ‚а‚Э‚А‚О‚Н,—і“c‚Мђм‚М ‹С‚И‚и‚Ї‚и,‚ ‚з‚µ‚У‚­‚Э‚Ю‚л‚М‚в‚Ь‚М‚а‚Э‚ї‚Н‚Н,‚Ѕ‚В‚Ѕ‚М‚©‚Н‚М‚Й‚µ‚«‚И‚и‚Ї‚и,”\€ц–@Ћt
70,‚і‚С‚µ‚і‚Й Џh‚р—§‚їЏo‚Е‚Д ‚И‚Є‚Ю‚к‚О,‚ў‚Г‚­‚а‚Ё‚И‚¶ ЏH‚М—[‚®‚к,‚і‚Р‚µ‚і‚Й‚в‚Ж‚р‚Ѕ‚ї‚ў‚Д‚Д‚И‚©‚Ю‚к‚Н,‚ў‚В‚­‚а‚Ё‚И‚µ‚ ‚«‚М‚д‚У‚­‚к,—З‘I–@Ћt
71,—[‚і‚к‚О –е“c‚М€о—t ‚Ё‚Ж‚Г‚к‚Д,еb‚М‚Ь‚л‚в‚Й ЏH•—‚јђЃ‚­,‚д‚¤‚і‚к‚Н‚©‚Ж‚Ѕ‚М‚ў‚И‚Н‚Ё‚Ж‚В‚к‚Д,‚ ‚µ‚М‚Ь‚л‚в‚Й‚ ‚«‚©‚№‚»‚У‚­,‘е”[ЊѕЊoђM
72,‰№‚Й•·‚­ Ќ‚Ћt‚М•l‚М ‚ ‚ѕ”g‚Н,‚©‚Ї‚¶‚в‘і‚М ‚К‚к‚а‚±‚»‚·‚к,‚Ё‚Ж‚Й‚«‚­‚Ѕ‚©‚µ‚М‚Н‚Ь‚М‚ ‚Ѕ‚И‚Э‚Н,‚©‚Ї‚µ‚в‚»‚Д‚М‚К‚к‚а‚±‚»‚·‚к,—SЋq“ађe‰¤‰Ж‹I€Й
73,Ќ‚Ќ»‚М ‚р‚М‚Ц‚М‚і‚­‚з ‚і‚«‚Й‚Ї‚и,‚Ж‚в‚Ь‚М‚©‚·‚Э ‚Ѕ‚Ѕ‚ё‚а‚ ‚з‚И‚Ю,‚Ѕ‚©‚і‚±‚М‚р‚М‚Ц‚М‚і‚­‚з‚і‚«‚Й‚Ї‚и,‚Ж‚в‚Ь‚М‚©‚·‚Э‚Ѕ‚Ѕ‚·‚а‚ ‚з‚И‚Ю,‘OЊ ’†”[Њѕ‹§–[
74,—J‚©‚и‚Ї‚й ђl‚рЏ‰ђЈ‚М ЋR‚Ё‚л‚µ‚ж,‚Н‚°‚µ‚©‚к‚Ж‚Н ‹F‚з‚К‚а‚М‚р,‚¤‚©‚и‚Ї‚й‚Р‚Ж‚р‚Н‚В‚№‚М‚в‚Ь‚Ё‚л‚µ‚ж,‚Н‚Ї‚µ‚©‚к‚Ж‚Н‚ў‚М‚з‚К‚а‚М‚р,Њ№Џr—Љ’©ђb
75,‚ї‚¬‚и‚Ё‚«‚µ ‚і‚№‚а‚ЄI‚р ‚ў‚М‚ї‚Й‚Д,‚ ‚Н‚кЌЎ”N‚М ЏH‚а‚ў‚К‚Я‚и,‚ї‚«‚и‚Ё‚«‚µ‚і‚№‚а‚©‚В‚д‚р‚ў‚М‚ї‚Й‚Д,‚ ‚Н‚к‚±‚Ж‚µ‚М‚ ‚«‚а‚ў‚К‚Я‚и,“ЎЊґЉоЏr
76,‚н‚Ѕ‚МЊґ ‚±‚¬‚ў‚Е‚Д‚Э‚к‚О ‹v•ы‚М,‰_‚ў‚Й‚Ь‚Є‚У ‰«‚В”’”g,‚н‚Ѕ‚М‚Н‚з‚±‚«‚ў‚Д‚Д‚Э‚к‚Н‚Р‚і‚©‚Ѕ‚М,‚­‚а‚о‚Й‚Ь‚©‚У‚Ё‚«‚В‚µ‚з‚И‚Э,–@ђ«Ћ›“ь“№‘OЉЦ”’‘ѕђ­‘еђb
77,ђЈ‚р‚Н‚в‚Э Љв‚Й‚№‚©‚й‚й ‘кђм‚М,‚н‚к‚Д‚а––‚Й ‚ ‚Н‚Ю‚Ж‚јЋv‚У,‚№‚р‚Н‚в‚Э‚ў‚н‚Й‚№‚©‚й‚й‚Ѕ‚«‚©‚Н‚М,‚н‚к‚Д‚а‚·‚п‚Й‚ ‚Н‚Ю‚Ж‚»‚Ё‚а‚У,ђ’“ї‰@
78,’WH“‡ ‚©‚ж‚Уђз’№‚М –В‚­ђє‚Й,Љф–й‚Л‚ґ‚Я‚К ђ{–Ѓ‚МЉЦЋз,‚ ‚Н‚ї‚µ‚Ь‚©‚ж‚У‚ї‚Ж‚и‚М‚И‚­‚±‚п‚Й,‚ў‚­‚ж‚Л‚і‚Я‚К‚·‚Ь‚М‚№‚«‚а‚и,Њ№Њ“Џ№
79,ЏH•—‚Й ‚Ѕ‚И‚С‚­‰_‚М ‚Ѕ‚¦ЉФ‚ж‚и,‚а‚к‚ў‚Г‚йЊЋ‚М ‰e‚М‚і‚в‚Ї‚і,‚ ‚«‚©‚№‚Й‚Ѕ‚И‚Р‚­‚­‚а‚М‚Ѕ‚¦‚Ь‚ж‚и,‚а‚к‚ў‚В‚й‚В‚«‚М‚©‚Ї‚М‚і‚в‚Ї‚і,Ќ¶‹ћ‘е•vЊ°•г
80,’·‚©‚з‚Ю ђS‚а‚µ‚з‚ё Ќ•”Ї‚М,‚Э‚ѕ‚к‚Д‚Ї‚і‚Н •Ё‚р‚±‚»Ћv‚Ц,‚И‚©‚©‚з‚Ю‚±‚±‚л‚а‚µ‚з‚·‚­‚л‚©‚Э‚М,‚Э‚Ѕ‚к‚Д‚Ї‚і‚Н‚а‚М‚р‚±‚»‚Ё‚а‚Ц,‘ТЊ«–е‰@–x‰Н
81,‚Щ‚Ж‚Ж‚¬‚· –В‚«‚В‚й•ы‚р ‚И‚Є‚Ю‚к‚О,‚Ѕ‚ѕ‚ ‚и‚ ‚Ї‚М ЊЋ‚јЋc‚к‚й,‚Щ‚Ж‚Ж‚«‚·‚И‚«‚В‚й‚©‚Ѕ‚р‚И‚©‚Ю‚к‚Н,‚Ѕ‚Ѕ‚ ‚и‚ ‚Ї‚М‚В‚«‚»‚М‚±‚к‚й,Њг“ї‘еЋ›Ќ¶‘еђb
82,Ћv‚Р‚н‚С ‚і‚Д‚а‚ў‚М‚ї‚Н ‚ ‚й‚а‚М‚р,—J‚«‚Й‚Ѕ‚Ц‚К‚Н —Ь‚И‚и‚Ї‚и,‚Ё‚а‚Р‚н‚Р‚і‚Д‚а‚ў‚М‚ї‚Н‚ ‚й‚а‚М‚р,‚¤‚«‚Й‚Ѕ‚Ц‚К‚Н‚И‚Э‚Ѕ‚И‚и‚Ї‚и,“№€ц–@Ћt
83,ђў‚М’†‚ж “№‚±‚»‚И‚Ї‚к Ћv‚Р“ь‚й,ЋR‚М‰њ‚Й‚а Ћ­‚ј–В‚­‚И‚й,‚ж‚М‚И‚©‚ж‚Э‚ї‚±‚»‚И‚Ї‚к‚Ё‚а‚Р‚ў‚й,‚в‚Ь‚М‚Ё‚­‚Й‚а‚µ‚©‚»‚И‚­‚И‚й,Ќc‘ѕЌ@‹{‘е•vЏrђ¬
84,‚И‚Є‚з‚Ц‚О ‚Ь‚Ѕ‚±‚М‚І‚л‚в ‚µ‚М‚О‚к‚Ю,—J‚µ‚ЖЊ©‚µђў‚ј ЌЎ‚Н—ц‚µ‚«,‚И‚©‚з‚Ц‚Н‚Ь‚Ѕ‚±‚М‚±‚л‚в‚µ‚М‚Н‚к‚Ю,‚¤‚µ‚Ж‚Э‚µ‚ж‚»‚ў‚Ь‚Н‚±‚Р‚µ‚«,“ЎЊґђґ•г’©ђb
85,–й‚а‚·‚Є‚з •ЁЋv‚У‚±‚л‚Н –ѕ‚Ї‚в‚з‚Е,иЃ‚М‚Р‚Ь‚і‚Ц ‚В‚к‚И‚©‚и‚Ї‚и,‚ж‚а‚·‚©‚з‚а‚М‚Ё‚а‚У‚±‚л‚Н‚ ‚Ї‚в‚з‚К,‚Л‚в‚М‚Р‚Ь‚і‚Ц‚В‚к‚И‚©‚и‚Ї‚и,ЏrЊb–@Ћt
86,‚И‚°‚Ї‚Ж‚Д ЊЋ‚в‚Н•Ё‚р Ћv‚Н‚·‚й,‚©‚±‚їЉз‚И‚й ‚н‚Є—Ь‚©‚И,‚И‚Ї‚Ї‚Ж‚Д‚В‚«‚в‚Н‚а‚М‚р‚Ё‚а‚Н‚·‚й,‚©‚±‚ї‚©‚Щ‚И‚й‚н‚©‚И‚Э‚Ѕ‚©‚И,ђјЌs–@Ћt
87,‘є‰J‚М I‚а‚Ь‚ѕ‚Р‚К ‚Ь‚«‚М—t‚Й,–¶‚Ѕ‚ї‚М‚Ъ‚й ЏH‚М—[‚®‚к,‚Ю‚з‚і‚Я‚М‚В‚д‚а‚Ь‚Ѕ‚Р‚К‚Ь‚«‚М‚Н‚Й,‚«‚и‚Ѕ‚ї‚М‚Щ‚й‚ ‚«‚М‚д‚У‚­‚к,Ћв@–@Ћt
88,“п”gЌ]‚М еb‚М‚©‚и‚Л‚М ‚Р‚Ж‚ж‚д‚п,‚Э‚р‚В‚­‚µ‚Д‚в —ц‚Р‚н‚Ѕ‚й‚Ч‚«,‚И‚Й‚Н‚¦‚М‚ ‚µ‚М‚©‚и‚Л‚М‚Р‚Ж‚ж‚д‚п,‚Э‚р‚В‚­‚µ‚Д‚в‚±‚Р‚н‚Ѕ‚й‚Ц‚«,Ќc‰Г–е‰@•К“–
89,‹К‚МЏЏ‚ж ‚Ѕ‚¦‚И‚О‚Ѕ‚¦‚Л ‚И‚Є‚з‚Ц‚О,”E‚Ф‚й‚±‚Ж‚М Ћг‚и‚а‚ј‚·‚й,‚Ѕ‚Ь‚М‚р‚ж‚Ѕ‚¦‚И‚Н‚Ѕ‚¦‚Л‚И‚©‚з‚Ц‚Н,‚µ‚М‚У‚й‚±‚Ж‚М‚ж‚Н‚и‚а‚»‚·‚й,Ћ®Ћq“ађe‰¤
90,Њ©‚№‚О‚в‚И —Y“‡‚М‚ ‚Ь‚М ‘і‚ѕ‚Й‚а,‚К‚к‚Й‚ј‚К‚к‚µ ђF‚Н‚©‚Н‚з‚ё,‚Э‚№‚Н‚в‚И‚р‚µ‚Ь‚М‚ ‚Ь‚М‚»‚Д‚Ѕ‚Й‚а,‚К‚к‚Й‚»‚К‚к‚µ‚ў‚л‚Н‚©‚Н‚з‚·,џu•x–е‰@‘е•г
91,‚«‚и‚¬‚и‚· –В‚­‚в‘љ–й‚М ‚і‚Ю‚µ‚л‚Й,€Я‚©‚Ѕ‚µ‚« ‚Р‚Ж‚и‚©‚ађQ‚Ю,‚«‚и‚«‚и‚·‚И‚­‚в‚µ‚а‚ж‚М‚і‚Ю‚µ‚л‚Й,‚±‚л‚а‚©‚Ѕ‚µ‚«‚Р‚Ж‚и‚©‚а‚Л‚Ю,Њг‹ћ‹ЙђЫђ­‘O‘ѕђ­‘еђb
92,‚н‚Є‘і‚Н ’ЄЉ±‚Й‚Э‚¦‚К ‰«‚МђО‚М,ђl‚±‚»‚µ‚з‚Л ‚©‚н‚­‚Ь‚а‚И‚µ,‚н‚©‚»‚Д‚Н‚µ‚Щ‚Р‚Й‚Э‚¦‚К‚Ё‚«‚М‚ў‚µ‚М,‚Р‚Ж‚±‚»‚µ‚з‚Л‚©‚н‚­‚Ь‚а‚И‚µ,“сЏр‰@Ћ]Љт
93,ђў‚М’†‚Н ‚В‚Л‚Й‚а‚Є‚а‚И ‚И‚¬‚і‚±‚®,‚ ‚Ь‚МЏ¬ЏM‚М ЌjЋи‚©‚И‚µ‚а,‚ж‚М‚И‚©‚Н‚В‚Л‚Й‚а‚©‚а‚И‚И‚«‚і‚±‚­,‚ ‚Ь‚М‚Ё‚У‚Л‚М‚В‚И‚Д‚©‚И‚µ‚а,Љ™‘q‰E‘еђb
94,‚Э‹g–м‚М ЋR‚МЏH•— ‚і–й‚У‚Ї‚Д,‚У‚й‚і‚ЖЉ¦‚­ €Я‚¤‚В‚И‚и,‚Э‚ж‚µ‚М‚М‚в‚Ь‚М‚ ‚«‚©‚№‚і‚ж‚У‚Ї‚Д,‚У‚й‚і‚Ж‚і‚Ю‚­‚±‚л‚а‚¤‚В‚И‚и,ЋQ‹c‰лЊo
95,‚Ё‚Щ‚Ї‚И‚­ ‚¤‚«ђў‚М–Ї‚Й ‚Ё‚Щ‚У‚©‚И,‚н‚Є‚Ѕ‚Вћ[‚Й –nђх‚М‘і,‚Ё‚Щ‚Ї‚И‚­‚¤‚«‚ж‚М‚Ѕ‚Э‚Й‚Ё‚Щ‚У‚©‚И,‚н‚©‚Ѕ‚В‚»‚Ь‚Й‚·‚Э‚»‚Я‚М‚»‚Д,‘O‘е‘mђіЋњ‰~
96,‰Ф‚і‚»‚У —’‚М’л‚М ђб‚И‚з‚Е,‚У‚и‚д‚­‚а‚М‚Н ‚н‚Єђg‚И‚и‚Ї‚и,‚Н‚И‚і‚»‚У‚ ‚з‚µ‚М‚Й‚Н‚М‚д‚«‚И‚з‚Д,‚У‚и‚д‚­‚а‚М‚Н‚н‚©‚Э‚И‚и‚Ї‚и,“ь“№‘O‘ѕђ­‘еђb
97,‚±‚Кђl‚р ‚Ь‚В‚Щ‚М‰Y‚М —[‚И‚¬‚Й,ЏД‚­‚в‚а‚µ‚Щ‚М ђg‚а‚±‚Є‚к‚В‚В,‚±‚К‚Р‚Ж‚р‚Ь‚В‚Щ‚М‚¤‚з‚М‚д‚У‚И‚«‚Й,‚в‚­‚в‚а‚µ‚Щ‚М‚Э‚а‚±‚©‚к‚В‚В,Њ ’†”[Њѕ’и‰Ж
98,•—‚»‚ж‚® ‚И‚з‚МЏ¬ђм‚М —[‚®‚к‚Н,‚Э‚»‚¬‚ј‰Д‚М ‚µ‚й‚µ‚И‚и‚Ї‚й,‚©‚№‚»‚ж‚­‚И‚з‚М‚р‚©‚Н‚М‚д‚У‚­‚к‚Н,‚Э‚»‚«‚»‚И‚В‚М‚µ‚й‚µ‚И‚и‚Ї‚й,Џ]“с€К‰Ж—І
99,ђl‚а‚р‚µ ђl‚а‚¤‚з‚Я‚µ ‚ ‚А‚«‚И‚­,ђў‚рЋv‚У‚д‚п‚Й •ЁЋv‚Уђg‚Н,‚Р‚Ж‚а‚р‚µ‚Р‚Ж‚а‚¤‚з‚Я‚µ‚ ‚ї‚«‚И‚­,‚ж‚р‚Ё‚а‚У‚д‚п‚Й‚а‚М‚Ё‚а‚У‚Э‚Н,Њг’№‰H‰@
100,‚а‚а‚µ‚«‚в ‚У‚й‚«Њ¬‚О‚М ‚µ‚М‚Ф‚Й‚а,‚И‚Щ‚ ‚Ь‚и‚ ‚й ђМ‚И‚и‚Ї‚и,‚а‚а‚µ‚«‚в‚У‚й‚«‚М‚«‚Н‚М‚µ‚М‚У‚Й‚а,‚И‚Щ‚ ‚Ь‚и‚ ‚й‚Ю‚©‚µ‚И‚и‚Ї‚и,Џ‡“ї‰@
